year,month_num,month,date,metric_raw,metric,value,source_sheet
2021,1,Jan,2021-01-01,Total Passengers,Total Passengers,151860,2021
2021,2,Feb,2021-02-01,Total Passengers,Total Passengers,152293,2021
2021,3,Mar,2021-03-01,Total Passengers,Total Passengers,259491,2021
2021,4,Apr,2021-04-01,Total Passengers,Total Passengers,298784,2021
2021,5,May,2021-05-01,Total Passengers,Total Passengers,366937,2021
2021,6,Jun,2021-06-01,Total Passengers,Total Passengers,431085,2021
2021,7,Jul,2021-07-01,Total Passengers,Total Passengers,477966,2021
2021,8,Aug,2021-08-01,Total Passengers,Total Passengers,467622,2021
2021,9,Sep,2021-09-01,Total Passengers,Total Passengers,453174,2021
2021,10,Oct,2021-10-01,Total Passengers,Total Passengers,494727,2021
2021,11,Nov,2021-11-01,Total Passengers,Total Passengers,475502,2021
2021,12,Dec,2021-12-01,Total Passengers,Total Passengers,467151,2021
2021,1,Jan,2021-01-01,Inbound (deplaned),Inbound (deplaned),76446,2021
2021,2,Feb,2021-02-01,Inbound (deplaned),Inbound (deplaned),76291,2021
2021,3,Mar,2021-03-01,Inbound (deplaned),Inbound (deplaned),128969,2021
2021,4,Apr,2021-04-01,Inbound (deplaned),Inbound (deplaned),150059,2021
2021,5,May,2021-05-01,Inbound (deplaned),Inbound (deplaned),185980,2021
2021,6,Jun,2021-06-01,Inbound (deplaned),Inbound (deplaned),214390,2021
2021,7,Jul,2021-07-01,Inbound (deplaned),Inbound (deplaned),239446,2021
2021,8,Aug,2021-08-01,Inbound (deplaned),Inbound (deplaned),233704,2021
2021,9,Sep,2021-09-01,Inbound (deplaned),Inbound (deplaned),226024,2021
2021,10,Oct,2021-10-01,Inbound (deplaned),Inbound (deplaned),249217,2021
2021,11,Nov,2021-11-01,Inbound (deplaned),Inbound (deplaned),238764,2021
2021,12,Dec,2021-12-01,Inbound (deplaned),Inbound (deplaned),234009,2021
2021,1,Jan,2021-01-01,Outbound (enplaned),Outbound (enplaned),75414,2021
2021,2,Feb,2021-02-01,Outbound (enplaned),Outbound (enplaned),76002,2021
2021,3,Mar,2021-03-01,Outbound (enplaned),Outbound (enplaned),130522,2021
2021,4,Apr,2021-04-01,Outbound (enplaned),Outbound (enplaned),148725,2021
2021,5,May,2021-05-01,Outbound (enplaned),Outbound (enplaned),180957,2021
2021,6,Jun,2021-06-01,Outbound (enplaned),Outbound (enplaned),216695,2021
2021,7,Jul,2021-07-01,Outbound (enplaned),Outbound (enplaned),238520,2021
2021,8,Aug,2021-08-01,Outbound (enplaned),Outbound (enplaned),233918,2021
2021,9,Sep,2021-09-01,Outbound (enplaned),Outbound (enplaned),227150,2021
2021,10,Oct,2021-10-01,Outbound (enplaned),Outbound (enplaned),245510,2021
2021,11,Nov,2021-11-01,Outbound (enplaned),Outbound (enplaned),236738,2021
2021,12,Dec,2021-12-01,Outbound (enplaned),Outbound (enplaned),233142,2021
2021,1,Jan,2021-01-01,Freight (tons),Freight (tons),70547,2021
2021,2,Feb,2021-02-01,Freight (tons),Freight (tons),62806,2021
2021,3,Mar,2021-03-01,Freight (tons),Freight (tons),74367,2021
2021,4,Apr,2021-04-01,Freight (tons),Freight (tons),70422,2021
2021,5,May,2021-05-01,Freight (tons),Freight (tons),65124,2021
2021,6,Jun,2021-06-01,Freight (tons),Freight (tons),69582,2021
2021,7,Jul,2021-07-01,Freight (tons),Freight (tons),66407,2021
2021,8,Aug,2021-08-01,Freight (tons),Freight (tons),64316,2021
2021,9,Sep,2021-09-01,Freight (tons),Freight (tons),66380,2021
2021,10,Oct,2021-10-01,Freight (tons),Freight (tons),67862,2021
2021,11,Nov,2021-11-01,Freight (tons),Freight (tons),70073,2021
2021,12,Dec,2021-12-01,Freight (tons),Freight (tons),92068,2021
2021,1,Jan,2021-01-01,Mail (tons),Mail (tons),3225,2021
2021,2,Feb,2021-02-01,Mail (tons),Mail (tons),3246,2021
2021,3,Mar,2021-03-01,Mail (tons),Mail (tons),3828,2021
2021,4,Apr,2021-04-01,Mail (tons),Mail (tons),4085,2021
2021,5,May,2021-05-01,Mail (tons),Mail (tons),3955,2021
2021,6,Jun,2021-06-01,Mail (tons),Mail (tons),3843,2021
2021,7,Jul,2021-07-01,Mail (tons),Mail (tons),4094,2021
2021,8,Aug,2021-08-01,Mail (tons),Mail (tons),3881,2021
2021,9,Sep,2021-09-01,Mail (tons),Mail (tons),4269,2021
2021,10,Oct,2021-10-01,Mail (tons),Mail (tons),5039,2021
2021,11,Nov,2021-11-01,Mail (tons),Mail (tons),5504,2021
2021,12,Dec,2021-12-01,Mail (tons),Mail (tons),5459,2021
2021,1,Jan,2021-01-01,Total Freight and Mail,Total Freight and Mail,73772,2021
2021,2,Feb,2021-02-01,Total Freight and Mail,Total Freight and Mail,66052,2021
2021,3,Mar,2021-03-01,Total Freight and Mail,Total Freight and Mail,78195,2021
2021,4,Apr,2021-04-01,Total Freight and Mail,Total Freight and Mail,74508,2021
2021,5,May,2021-05-01,Total Freight and Mail,Total Freight and Mail,69078,2021
2021,6,Jun,2021-06-01,Total Freight and Mail,Total Freight and Mail,73426,2021
2021,7,Jul,2021-07-01,Total Freight and Mail,Total Freight and Mail,70500,2021
2021,8,Aug,2021-08-01,Total Freight and Mail,Total Freight and Mail,68198,2021
2021,9,Sep,2021-09-01,Total Freight and Mail,Total Freight and Mail,70649,2021
2021,10,Oct,2021-10-01,Total Freight and Mail,Total Freight and Mail,72901,2021
2021,11,Nov,2021-11-01,Total Freight and Mail,Total Freight and Mail,75576,2021
2021,12,Dec,2021-12-01,Total Freight and Mail,Total Freight and Mail,97527,2021
2022,1,Jan,2022-01-01,Total Passengers,Total Passengers,339736,2022
2022,2,Feb,2022-02-01,Total Passengers,Total Passengers,357880,2022
2022,3,Mar,2022-03-01,Total Passengers,Total Passengers,454023,2022
2022,4,Apr,2022-04-01,Total Passengers,Total Passengers,475741,2022
2022,5,May,2022-05-01,Total Passengers,Total Passengers,519085,2022
2022,6,Jun,2022-06-01,Total Passengers,Total Passengers,514225,2022
2022,7,Jul,2022-07-01,Total Passengers,Total Passengers,520347,2022
2022,8,Aug,2022-08-01,Total Passengers,Total Passengers,511275,2022
2022,9,Sep,2022-09-01,Total Passengers,Total Passengers,516945,2022
2022,10,Oct,2022-10-01,Total Passengers,Total Passengers,541730,2022
2022,11,Nov,2022-11-01,Total Passengers,Total Passengers,512045,2022
2022,12,Dec,2022-12-01,Total Passengers,Total Passengers,477302,2022
2022,1,Jan,2022-01-01,Inbound (deplaned),Inbound (deplaned),170600,2022
2022,2,Feb,2022-02-01,Inbound (deplaned),Inbound (deplaned),177012,2022
2022,3,Mar,2022-03-01,Inbound (deplaned),Inbound (deplaned),225556,2022
2022,4,Apr,2022-04-01,Inbound (deplaned),Inbound (deplaned),237180,2022
2022,5,May,2022-05-01,Inbound (deplaned),Inbound (deplaned),258928,2022
2022,6,Jun,2022-06-01,Inbound (deplaned),Inbound (deplaned),251931,2022
2022,7,Jul,2022-07-01,Inbound (deplaned),Inbound (deplaned),259698,2022
2022,8,Aug,2022-08-01,Inbound (deplaned),Inbound (deplaned),254889,2022
2022,9,Sep,2022-09-01,Inbound (deplaned),Inbound (deplaned),257887,2022
2022,10,Oct,2022-10-01,Inbound (deplaned),Inbound (deplaned),271312,2022
2022,11,Nov,2022-11-01,Inbound (deplaned),Inbound (deplaned),255677,2022
2022,12,Dec,2022-12-01,Inbound (deplaned),Inbound (deplaned),239579,2022
2022,1,Jan,2022-01-01,Outbound (enplaned),Outbound (enplaned),169136,2022
2022,2,Feb,2022-02-01,Outbound (enplaned),Outbound (enplaned),180868,2022
2022,3,Mar,2022-03-01,Outbound (enplaned),Outbound (enplaned),228467,2022
2022,4,Apr,2022-04-01,Outbound (enplaned),Outbound (enplaned),238561,2022
2022,5,May,2022-05-01,Outbound (enplaned),Outbound (enplaned),260157,2022
2022,6,Jun,2022-06-01,Outbound (enplaned),Outbound (enplaned),262294,2022
2022,7,Jul,2022-07-01,Outbound (enplaned),Outbound (enplaned),260649,2022
2022,8,Aug,2022-08-01,Outbound (enplaned),Outbound (enplaned),256386,2022
2022,9,Sep,2022-09-01,Outbound (enplaned),Outbound (enplaned),259058,2022
2022,10,Oct,2022-10-01,Outbound (enplaned),Outbound (enplaned),270418,2022
2022,11,Nov,2022-11-01,Outbound (enplaned),Outbound (enplaned),256368,2022
2022,12,Dec,2022-12-01,Outbound (enplaned),Outbound (enplaned),237723,2022
2022,1,Jan,2022-01-01,Freight (tons),Freight (tons),64056,2022
2022,2,Feb,2022-02-01,Freight (tons),Freight (tons),56481,2022
2022,3,Mar,2022-03-01,Freight (tons),Freight (tons),67795,2022
2022,4,Apr,2022-04-01,Freight (tons),Freight (tons),62291,2022
2022,5,May,2022-05-01,Freight (tons),Freight (tons),62454,2022
2022,6,Jun,2022-06-01,Freight (tons),Freight (tons),67504,2022
2022,7,Jul,2022-07-01,Freight (tons),Freight (tons),63897,2022
2022,8,Aug,2022-08-01,Freight (tons),Freight (tons),67214,2022
2022,9,Sep,2022-09-01,Freight (tons),Freight (tons),65831,2022
2022,10,Oct,2022-10-01,Freight (tons),Freight (tons),64449,2022
2022,11,Nov,2022-11-01,Freight (tons),Freight (tons),70374,2022
2022,12,Dec,2022-12-01,Freight (tons),Freight (tons),84578,2022
2022,1,Jan,2022-01-01,Mail (tons),Mail (tons),4529,2022
2022,2,Feb,2022-02-01,Mail (tons),Mail (tons),4376,2022
2022,3,Mar,2022-03-01,Mail (tons),Mail (tons),5303,2022
2022,4,Apr,2022-04-01,Mail (tons),Mail (tons),4860,2022
2022,5,May,2022-05-01,Mail (tons),Mail (tons),4556,2022
2022,6,Jun,2022-06-01,Mail (tons),Mail (tons),4478,2022
2022,7,Jul,2022-07-01,Mail (tons),Mail (tons),4269,2022
2022,8,Aug,2022-08-01,Mail (tons),Mail (tons),4487,2022
2022,9,Sep,2022-09-01,Mail (tons),Mail (tons),4196,2022
2022,10,Oct,2022-10-01,Mail (tons),Mail (tons),4134,2022
2022,11,Nov,2022-11-01,Mail (tons),Mail (tons),4307,2022
2022,12,Dec,2022-12-01,Mail (tons),Mail (tons),5468,2022
2022,1,Jan,2022-01-01,Total Freight and Mail,Total Freight and Mail,68585,2022
2022,2,Feb,2022-02-01,Total Freight and Mail,Total Freight and Mail,60857,2022
2022,3,Mar,2022-03-01,Total Freight and Mail,Total Freight and Mail,73098,2022
2022,4,Apr,2022-04-01,Total Freight and Mail,Total Freight and Mail,67152,2022
2022,5,May,2022-05-01,Total Freight and Mail,Total Freight and Mail,67010,2022
2022,6,Jun,2022-06-01,Total Freight and Mail,Total Freight and Mail,71982,2022
2022,7,Jul,2022-07-01,Total Freight and Mail,Total Freight and Mail,68167,2022
2022,8,Aug,2022-08-01,Total Freight and Mail,Total Freight and Mail,71700,2022
2022,9,Sep,2022-09-01,Total Freight and Mail,Total Freight and Mail,70027,2022
2022,10,Oct,2022-10-01,Total Freight and Mail,Total Freight and Mail,68583,2022
2022,11,Nov,2022-11-01,Total Freight and Mail,Total Freight and Mail,74682,2022
2022,12,Dec,2022-12-01,Total Freight and Mail,Total Freight and Mail,90046,2022
2023,1,Jan,2023-01-01,Total Passengers,Total Passengers,428868,2023
2023,2,Feb,2023-02-01,Total Passengers,Total Passengers,412924,2023
2023,3,Mar,2023-03-01,Total Passengers,Total Passengers,501250,2023
2023,4,Apr,2023-04-01,Total Passengers,Total Passengers,530733,2023
2023,5,May,2023-05-01,Total Passengers,Total Passengers,556933,2023
2023,6,Jun,2023-06-01,Total Passengers,Total Passengers,559447,2023
2023,7,Jul,2023-07-01,Total Passengers,Total Passengers,582575,2023
2023,8,Aug,2023-08-01,Total Passengers,Total Passengers,567508,2023
2023,9,Sep,2023-09-01,Total Passengers,Total Passengers,556213,2023
2023,10,Oct,2023-10-01,Total Passengers,Total Passengers,606497,2023
2023,11,Nov,2023-11-01,Total Passengers,Total Passengers,575877,2023
2023,12,Dec,2023-12-01,Total Passengers,Total Passengers,551161,2023
2023,1,Jan,2023-01-01,Inbound (deplaned),Inbound (deplaned),215180,2023
2023,2,Feb,2023-02-01,Inbound (deplaned),Inbound (deplaned),206896,2023
2023,3,Mar,2023-03-01,Inbound (deplaned),Inbound (deplaned),247653,2023
2023,4,Apr,2023-04-01,Inbound (deplaned),Inbound (deplaned),264740,2023
2023,5,May,2023-05-01,Inbound (deplaned),Inbound (deplaned),278055,2023
2023,6,Jun,2023-06-01,Inbound (deplaned),Inbound (deplaned),275672,2023
2023,7,Jul,2023-07-01,Inbound (deplaned),Inbound (deplaned),292357,2023
2023,8,Aug,2023-08-01,Inbound (deplaned),Inbound (deplaned),284984,2023
2023,9,Sep,2023-09-01,Inbound (deplaned),Inbound (deplaned),279166,2023
2023,10,Oct,2023-10-01,Inbound (deplaned),Inbound (deplaned),303459,2023
2023,11,Nov,2023-11-01,Inbound (deplaned),Inbound (deplaned),288550,2023
2023,12,Dec,2023-12-01,Inbound (deplaned),Inbound (deplaned),275514,2023
2023,1,Jan,2023-01-01,Outbound (enplaned),Outbound (enplaned),213688,2023
2023,2,Feb,2023-02-01,Outbound (enplaned),Outbound (enplaned),206028,2023
2023,3,Mar,2023-03-01,Outbound (enplaned),Outbound (enplaned),253597,2023
2023,4,Apr,2023-04-01,Outbound (enplaned),Outbound (enplaned),265993,2023
2023,5,May,2023-05-01,Outbound (enplaned),Outbound (enplaned),278878,2023
2023,6,Jun,2023-06-01,Outbound (enplaned),Outbound (enplaned),283775,2023
2023,7,Jul,2023-07-01,Outbound (enplaned),Outbound (enplaned),290218,2023
2023,8,Aug,2023-08-01,Outbound (enplaned),Outbound (enplaned),282524,2023
2023,9,Sep,2023-09-01,Outbound (enplaned),Outbound (enplaned),277047,2023
2023,10,Oct,2023-10-01,Outbound (enplaned),Outbound (enplaned),303038,2023
2023,11,Nov,2023-11-01,Outbound (enplaned),Outbound (enplaned),287327,2023
2023,12,Dec,2023-12-01,Outbound (enplaned),Outbound (enplaned),275647,2023
2023,1,Jan,2023-01-01,Freight (tons),Freight (tons),58381,2023
2023,2,Feb,2023-02-01,Freight (tons),Freight (tons),51710,2023
2023,3,Mar,2023-03-01,Freight (tons),Freight (tons),60440,2023
2023,4,Apr,2023-04-01,Freight (tons),Freight (tons),53822,2023
2023,5,May,2023-05-01,Freight (tons),Freight (tons),56667,2023
2023,6,Jun,2023-06-01,Freight (tons),Freight (tons),57410,2023
2023,7,Jul,2023-07-01,Freight (tons),Freight (tons),52911,2023
2023,8,Aug,2023-08-01,Freight (tons),Freight (tons),59318,2023
2023,9,Sep,2023-09-01,Freight (tons),Freight (tons),55554,2023
2023,10,Oct,2023-10-01,Freight (tons),Freight (tons),57970,2023
2023,11,Nov,2023-11-01,Freight (tons),Freight (tons),65422,2023
2023,12,Dec,2023-12-01,Freight (tons),Freight (tons),76673,2023
2023,1,Jan,2023-01-01,Mail (tons),Mail (tons),4389,2023
2023,2,Feb,2023-02-01,Mail (tons),Mail (tons),4481,2023
2023,3,Mar,2023-03-01,Mail (tons),Mail (tons),5080,2023
2023,4,Apr,2023-04-01,Mail (tons),Mail (tons),4753,2023
2023,5,May,2023-05-01,Mail (tons),Mail (tons),4761,2023
2023,6,Jun,2023-06-01,Mail (tons),Mail (tons),4260,2023
2023,7,Jul,2023-07-01,Mail (tons),Mail (tons),3448,2023
2023,8,Aug,2023-08-01,Mail (tons),Mail (tons),3130,2023
2023,9,Sep,2023-09-01,Mail (tons),Mail (tons),2803,2023
2023,10,Oct,2023-10-01,Mail (tons),Mail (tons),2828,2023
2023,11,Nov,2023-11-01,Mail (tons),Mail (tons),2762,2023
2023,12,Dec,2023-12-01,Mail (tons),Mail (tons),3101,2023
2023,1,Jan,2023-01-01,Total Freight and Mail,Total Freight and Mail,62771,2023
2023,2,Feb,2023-02-01,Total Freight and Mail,Total Freight and Mail,56191,2023
2023,3,Mar,2023-03-01,Total Freight and Mail,Total Freight and Mail,65520,2023
2023,4,Apr,2023-04-01,Total Freight and Mail,Total Freight and Mail,58576,2023
2023,5,May,2023-05-01,Total Freight and Mail,Total Freight and Mail,61428,2023
2023,6,Jun,2023-06-01,Total Freight and Mail,Total Freight and Mail,61670,2023
2023,7,Jul,2023-07-01,Total Freight and Mail,Total Freight and Mail,56359,2023
2023,8,Aug,2023-08-01,Total Freight and Mail,Total Freight and Mail,62447,2023
2023,9,Sep,2023-09-01,Total Freight and Mail,Total Freight and Mail,58357,2023
2023,10,Oct,2023-10-01,Total Freight and Mail,Total Freight and Mail,60798,2023
2023,11,Nov,2023-11-01,Total Freight and Mail,Total Freight and Mail,68184,2023
2023,12,Dec,2023-12-01,Total Freight and Mail,Total Freight and Mail,79774,2023
2024,1,Jan,2024-01-01,Total Passengers,Total Passengers,469589,2024
2024,2,Feb,2024-02-01,Total Passengers,Total Passengers,449893,2024
2024,3,Mar,2024-03-01,Total Passengers,Total Passengers,557000,2024
2024,4,Apr,2024-04-01,Total Passengers,Total Passengers,573467,2024
2024,5,May,2024-05-01,Total Passengers,Total Passengers,618661,2024
2024,6,Jun,2024-06-01,Total Passengers,Total Passengers,652729,2024
2024,7,Jul,2024-07-01,Total Passengers,Total Passengers,666322,2024
2024,8,Aug,2024-08-01,Total Passengers,Total Passengers,643472,2024
2024,9,Sep,2024-09-01,Total Passengers,Total Passengers,606015,2024
2024,10,Oct,2024-10-01,Total Passengers,Total Passengers,642853,2024
2024,11,Nov,2024-11-01,Total Passengers,Total Passengers,600909,2024
2024,12,Dec,2024-12-01,Total Passengers,Total Passengers,603886,2024
2024,1,Jan,2024-01-01,Inbound (deplaned),Inbound (deplaned),235084,2024
2024,2,Feb,2024-02-01,Inbound (deplaned),Inbound (deplaned),225699,2024
2024,3,Mar,2024-03-01,Inbound (deplaned),Inbound (deplaned),276175,2024
2024,4,Apr,2024-04-01,Inbound (deplaned),Inbound (deplaned),284261,2024
2024,5,May,2024-05-01,Inbound (deplaned),Inbound (deplaned),307955,2024
2024,6,Jun,2024-06-01,Inbound (deplaned),Inbound (deplaned),329955,2024
2024,7,Jul,2024-07-01,Inbound (deplaned),Inbound (deplaned),334022,2024
2024,8,Aug,2024-08-01,Inbound (deplaned),Inbound (deplaned),324548,2024
2024,9,Sep,2024-09-01,Inbound (deplaned),Inbound (deplaned),304727,2024
2024,10,Oct,2024-10-01,Inbound (deplaned),Inbound (deplaned),322310,2024
2024,11,Nov,2024-11-01,Inbound (deplaned),Inbound (deplaned),301566,2024
2024,12,Dec,2024-12-01,Inbound (deplaned),Inbound (deplaned),306182,2024
2024,1,Jan,2024-01-01,Outbound (enplaned),Outbound (enplaned),234505,2024
2024,2,Feb,2024-02-01,Outbound (enplaned),Outbound (enplaned),224194,2024
2024,3,Mar,2024-03-01,Outbound (enplaned),Outbound (enplaned),280825,2024
2024,4,Apr,2024-04-01,Outbound (enplaned),Outbound (enplaned),289206,2024
2024,5,May,2024-05-01,Outbound (enplaned),Outbound (enplaned),310706,2024
2024,6,Jun,2024-06-01,Outbound (enplaned),Outbound (enplaned),322774,2024
2024,7,Jul,2024-07-01,Outbound (enplaned),Outbound (enplaned),332300,2024
2024,8,Aug,2024-08-01,Outbound (enplaned),Outbound (enplaned),318924,2024
2024,9,Sep,2024-09-01,Outbound (enplaned),Outbound (enplaned),301288,2024
2024,10,Oct,2024-10-01,Outbound (enplaned),Outbound (enplaned),320543,2024
2024,11,Nov,2024-11-01,Outbound (enplaned),Outbound (enplaned),299343,2024
2024,12,Dec,2024-12-01,Outbound (enplaned),Outbound (enplaned),297704,2024
2024,1,Jan,2024-01-01,Freight (tons),Freight (tons),56769,2024
2024,2,Feb,2024-02-01,Freight (tons),Freight (tons),53922,2024
2024,3,Mar,2024-03-01,Freight (tons),Freight (tons),58107,2024
2024,4,Apr,2024-04-01,Freight (tons),Freight (tons),58544,2024
2024,5,May,2024-05-01,Freight (tons),Freight (tons),64116,2024
2024,6,Jun,2024-06-01,Freight (tons),Freight (tons),55924,2024
2024,7,Jul,2024-07-01,Freight (tons),Freight (tons),59179,2024
2024,8,Aug,2024-08-01,Freight (tons),Freight (tons),63477,2024
2024,9,Sep,2024-09-01,Freight (tons),Freight (tons),57272,2024
2024,10,Oct,2024-10-01,Freight (tons),Freight (tons),68982,2024
2024,11,Nov,2024-11-01,Freight (tons),Freight (tons),60173,2024
2024,12,Dec,2024-12-01,Freight (tons),Freight (tons),70088,2024
2024,1,Jan,2024-01-01,Mail (tons),Mail (tons),2661,2024
2024,2,Feb,2024-02-01,Mail (tons),Mail (tons),2583,2024
2024,3,Mar,2024-03-01,Mail (tons),Mail (tons),2576,2024
2024,4,Apr,2024-04-01,Mail (tons),Mail (tons),2423,2024
2024,5,May,2024-05-01,Mail (tons),Mail (tons),2749,2024
2024,6,Jun,2024-06-01,Mail (tons),Mail (tons),2557,2024
2024,7,Jul,2024-07-01,Mail (tons),Mail (tons),3583,2024
2024,8,Aug,2024-08-01,Mail (tons),Mail (tons),4927,2024
2024,9,Sep,2024-09-01,Mail (tons),Mail (tons),7526,2024
2024,10,Oct,2024-10-01,Mail (tons),Mail (tons),11004,2024
2024,11,Nov,2024-11-01,Mail (tons),Mail (tons),11268,2024
2024,12,Dec,2024-12-01,Mail (tons),Mail (tons),12859,2024
2024,1,Jan,2024-01-01,Total Freight and Mail,Total Freight and Mail,59430,2024
2024,2,Feb,2024-02-01,Total Freight and Mail,Total Freight and Mail,56505,2024
2024,3,Mar,2024-03-01,Total Freight and Mail,Total Freight and Mail,60683,2024
2024,4,Apr,2024-04-01,Total Freight and Mail,Total Freight and Mail,60968,2024
2024,5,May,2024-05-01,Total Freight and Mail,Total Freight and Mail,66865,2024
2024,6,Jun,2024-06-01,Total Freight and Mail,Total Freight and Mail,58481,2024
2024,7,Jul,2024-07-01,Total Freight and Mail,Total Freight and Mail,62762,2024
2024,8,Aug,2024-08-01,Total Freight and Mail,Total Freight and Mail,68404,2024
2024,9,Sep,2024-09-01,Total Freight and Mail,Total Freight and Mail,64798,2024
2024,10,Oct,2024-10-01,Total Freight and Mail,Total Freight and Mail,79986,2024
2024,11,Nov,2024-11-01,Total Freight and Mail,Total Freight and Mail,71442,2024
2024,12,Dec,2024-12-01,Total Freight and Mail,Total Freight and Mail,82947,2024
2025,1,Jan,2025-01-01,Total Passengers,Total Passengers,475239,2025
2025,2,Feb,2025-02-01,Total Passengers,Total Passengers,450093,2025
2025,3,Mar,2025-03-01,Total Passengers,Total Passengers,559619,2025
2025,4,Apr,2025-04-01,Total Passengers,Total Passengers,575623,2025
2025,5,May,2025-05-01,Total Passengers,Total Passengers,630137,2025
2025,6,Jun,2025-06-01,Total Passengers,Total Passengers,659787,2025
2025,7,Jul,2025-07-01,Total Passengers,Total Passengers,681912,2025
2025,8,Aug,2025-08-01,Total Passengers,Total Passengers,646820,2025
2025,9,Sep,2025-09-01,Total Passengers,Total Passengers,599086,2025
2025,10,Oct,2025-10-01,Total Passengers,Total Passengers,639598,2025
2025,11,Nov,2025-11-01,Total Passengers,Total Passengers,593799,2025
2025,12,Dec,2025-12-01,Total Passengers,Total Passengers,604995,2025
2025,1,Jan,2025-01-01,Inbound (deplaned),Inbound (deplaned),242101,2025
2025,2,Feb,2025-02-01,Inbound (deplaned),Inbound (deplaned),223937,2025
2025,3,Mar,2025-03-01,Inbound (deplaned),Inbound (deplaned),280024,2025
2025,4,Apr,2025-04-01,Inbound (deplaned),Inbound (deplaned),290950,2025
2025,5,May,2025-05-01,Inbound (deplaned),Inbound (deplaned),318435,2025
2025,6,Jun,2025-06-01,Inbound (deplaned),Inbound (deplaned),324126,2025
2025,7,Jul,2025-07-01,Inbound (deplaned),Inbound (deplaned),343967,2025
2025,8,Aug,2025-08-01,Inbound (deplaned),Inbound (deplaned),327404,2025
2025,9,Sep,2025-09-01,Inbound (deplaned),Inbound (deplaned),300994,2025
2025,10,Oct,2025-10-01,Inbound (deplaned),Inbound (deplaned),321090,2025
2025,11,Nov,2025-11-01,Inbound (deplaned),Inbound (deplaned),297426,2025
2025,12,Dec,2025-12-01,Inbound (deplaned),Inbound (deplaned),305790,2025
2025,1,Jan,2025-01-01,Outbound (enplaned),Outbound (enplaned),233138,2025
2025,2,Feb,2025-02-01,Outbound (enplaned),Outbound (enplaned),226156,2025
2025,3,Mar,2025-03-01,Outbound (enplaned),Outbound (enplaned),279595,2025
2025,4,Apr,2025-04-01,Outbound (enplaned),Outbound (enplaned),284673,2025
2025,5,May,2025-05-01,Outbound (enplaned),Outbound (enplaned),311702,2025
2025,6,Jun,2025-06-01,Outbound (enplaned),Outbound (enplaned),335661,2025
2025,7,Jul,2025-07-01,Outbound (enplaned),Outbound (enplaned),337945,2025
2025,8,Aug,2025-08-01,Outbound (enplaned),Outbound (enplaned),319416,2025
2025,9,Sep,2025-09-01,Outbound (enplaned),Outbound (enplaned),298092,2025
2025,10,Oct,2025-10-01,Outbound (enplaned),Outbound (enplaned),318508,2025
2025,11,Nov,2025-11-01,Outbound (enplaned),Outbound (enplaned),296373,2025
2025,12,Dec,2025-12-01,Outbound (enplaned),Outbound (enplaned),299205,2025
2025,1,Jan,2025-01-01,Freight (tons),Freight (tons),52423,2025
2025,2,Feb,2025-02-01,Freight (tons),Freight (tons),50606,2025
2025,3,Mar,2025-03-01,Freight (tons),Freight (tons),56407,2025
2025,4,Apr,2025-04-01,Freight (tons),Freight (tons),58098,2025
2025,5,May,2025-05-01,Freight (tons),Freight (tons),58600,2025
2025,6,Jun,2025-06-01,Freight (tons),Freight (tons),55569,2025
2025,7,Jul,2025-07-01,Freight (tons),Freight (tons),61803,2025
2025,8,Aug,2025-08-01,Freight (tons),Freight (tons),58365,2025
2025,9,Sep,2025-09-01,Freight (tons),Freight (tons),55143,2025
2025,10,Oct,2025-10-01,Freight (tons),Freight (tons),62495,2025
2025,11,Nov,2025-11-01,Freight (tons),Freight (tons),58826,2025
2025,12,Dec,2025-12-01,Freight (tons),Freight (tons),72457,2025
2025,1,Jan,2025-01-01,Mail (tons),Mail (tons),10903,2025
2025,2,Feb,2025-02-01,Mail (tons),Mail (tons),9727,2025
2025,3,Mar,2025-03-01,Mail (tons),Mail (tons),10955,2025
2025,4,Apr,2025-04-01,Mail (tons),Mail (tons),13015,2025
2025,5,May,2025-05-01,Mail (tons),Mail (tons),11666,2025
2025,6,Jun,2025-06-01,Mail (tons),Mail (tons),9855,2025
2025,7,Jul,2025-07-01,Mail (tons),Mail (tons),10842,2025
2025,8,Aug,2025-08-01,Mail (tons),Mail (tons),10658,2025
2025,9,Sep,2025-09-01,Mail (tons),Mail (tons),10443,2025
2025,10,Oct,2025-10-01,Mail (tons),Mail (tons),10979,2025
2025,11,Nov,2025-11-01,Mail (tons),Mail (tons),10891,2025
2025,12,Dec,2025-12-01,Mail (tons),Mail (tons),14385,2025
2025,1,Jan,2025-01-01,Total Freight and Mail,Total Freight and Mail,63326,2025
2025,2,Feb,2025-02-01,Total Freight and Mail,Total Freight and Mail,60333,2025
2025,3,Mar,2025-03-01,Total Freight and Mail,Total Freight and Mail,67361,2025
2025,4,Apr,2025-04-01,Total Freight and Mail,Total Freight and Mail,71114,2025
2025,5,May,2025-05-01,Total Freight and Mail,Total Freight and Mail,70266,2025
2025,6,Jun,2025-06-01,Total Freight and Mail,Total Freight and Mail,65423,2025
2025,7,Jul,2025-07-01,Total Freight and Mail,Total Freight and Mail,72645,2025
2025,8,Aug,2025-08-01,Total Freight and Mail,Total Freight and Mail,69023,2025
2025,9,Sep,2025-09-01,Total Freight and Mail,Total Freight and Mail,65587,2025
2025,10,Oct,2025-10-01,Total Freight and Mail,Total Freight and Mail,73474,2025
2025,11,Nov,2025-11-01,Total Freight and Mail,Total Freight and Mail,69717,2025
2025,12,Dec,2025-12-01,Total Freight and Mail,Total Freight and Mail,86842,2025
2026,1,Jan,2026-01-01,Total Passengers,Total Passengers,492895,2026
2026,1,Jan,2026-01-01,Inbound (deplaned),Inbound (deplaned),248501,2026
2026,1,Jan,2026-01-01,Outbound (enplaned),Outbound (enplaned),244394,2026
2026,1,Jan,2026-01-01,Freight (tons),Freight (tons),57315,2026
2026,1,Jan,2026-01-01,Mail (tons),Mail (tons),9525,2026
2026,1,Jan,2026-01-01,Total Freight and Mail,Total Freight and Mail,66840,2026
